aligned,trades,total_pnl,avg_pnl,avg_pnl_rate
0,25161,2388858.11529,94.9428923846429,0.03009487151801138
